subtest_name,specific_subtest_id,age,education_level,gender,N,mean,SD,10th_perc,25th_perc,50th_perc,75th_perc,90th_perc
Arithmetic reasoning,29,18-29,HS/Some HS,Male,6674,13.49,4.98,7,10,13,17,20
Arithmetic reasoning,29,18-29,HS/Some HS,Female,3349,12.5,4.79,7,9,12,16,19
Arithmetic reasoning,29,18-29,College/Some college/Associate's,Male,22370,16.17,5.03,10,13,16,20,23
Arithmetic reasoning,29,18-29,College/Some college/Associate's,Female,18259,15.09,4.88,9,12,15,18,21
Arithmetic reasoning,29,18-29,Professional deg./Ph.D./Master's,Male,3857,17.57,5.1,11,14,17,21,24
Arithmetic reasoning,29,18-29,Professional deg./Ph.D./Master's,Female,4510,16.49,4.95,10,13,16,20,23
Arithmetic reasoning,29,30-39,HS/Some HS,Male,2206,13.11,4.8,7,10,13,16,19
Arithmetic reasoning,29,30-39,HS/Some HS,Female,1446,12.51,4.69,7,9,12,15,19
Arithmetic reasoning,29,30-39,College/Some college/Associate's,Male,12828,15.86,4.93,9,12,16,19,22
Arithmetic reasoning,29,30-39,College/Some college/Associate's,Female,12404,15.08,4.83,9,12,15,18,21
Arithmetic reasoning,29,30-39,Professional deg./Ph.D./Master's,Male,5972,17.34,4.97,11,14,17,21,24
Arithmetic reasoning,29,30-39,Professional deg./Ph.D./Master's,Female,7302,16.59,4.83,10,13,17,20,23
Arithmetic reasoning,29,40-49,HS/Some HS,Male,2012,12.89,4.6,7,10,13,16,19
Arithmetic reasoning,29,40-49,HS/Some HS,Female,2334,13.07,4.67,7,10,13,16,19
Arithmetic reasoning,29,40-49,College/Some college/Associate's,Male,10048,15.62,4.71,10,12,16,19,22
Arithmetic reasoning,29,40-49,College/Some college/Associate's,Female,15640,15.0,4.59,9,12,15,18,21
Arithmetic reasoning,29,40-49,Professional deg./Ph.D./Master's,Male,5441,16.92,4.64,11,14,17,20,23
Arithmetic reasoning,29,40-49,Professional deg./Ph.D./Master's,Female,8438,16.38,4.71,10,13,16,20,22
Arithmetic reasoning,29,50-59,HS/Some HS,Male,2489,12.3,4.22,7,9,12,15,18
Arithmetic reasoning,29,50-59,HS/Some HS,Female,4721,12.78,4.22,7,10,13,16,18
Arithmetic reasoning,29,50-59,College/Some college/Associate's,Male,11225,14.5,4.35,9,12,15,17,20
Arithmetic reasoning,29,50-59,College/Some college/Associate's,Female,26299,14.33,4.31,9,11,14,17,20
Arithmetic reasoning,29,50-59,Professional deg./Ph.D./Master's,Male,5732,15.89,4.32,10,13,16,19,21
Arithmetic reasoning,29,50-59,Professional deg./Ph.D./Master's,Female,12439,15.44,4.25,10,13,15,18,21
Arithmetic reasoning,29,60-69,HS/Some HS,Male,1573,11.46,3.99,6,9,11,14,17
Arithmetic reasoning,29,60-69,HS/Some HS,Female,3930,11.76,3.96,7,9,12,14,17
Arithmetic reasoning,29,60-69,College/Some college/Associate's,Male,9601,13.35,4.01,8,11,13,16,18
Arithmetic reasoning,29,60-69,College/Some college/Associate's,Female,21437,13.25,4.03,8,10,13,16,18
Arithmetic reasoning,29,60-69,Professional deg./Ph.D./Master's,Male,6390,14.49,4.05,9,12,15,17,20
Arithmetic reasoning,29,60-69,Professional deg./Ph.D./Master's,Female,12142,14.19,3.92,9,12,14,17,19
Arithmetic reasoning,29,70-99,HS/Some HS,Male,909,9.58,3.89,5,7,9,12,15
Arithmetic reasoning,29,70-99,HS/Some HS,Female,2078,9.95,3.75,5,7,10,12,15
Arithmetic reasoning,29,70-99,College/Some college/Associate's,Male,4370,11.37,3.91,6,9,11,14,16
Arithmetic reasoning,29,70-99,College/Some college/Associate's,Female,8280,11.24,3.91,6,9,11,14,16
Arithmetic reasoning,29,70-99,Professional deg./Ph.D./Master's,Male,3887,12.14,4.01,7,9,12,15,17
Arithmetic reasoning,29,70-99,Professional deg./Ph.D./Master's,Female,4345,12.02,3.87,7,9,12,15,17
Digit symbol coding,45,18-29,HS/Some HS,Male,6497,48.46,10.25,37,42,48,54,61
Digit symbol coding,45,18-29,HS/Some HS,Female,3235,48.67,9.88,37,43,48,54,61
Digit symbol coding,45,18-29,College/Some college/Associate's,Male,21932,52.55,10.82,41,46,51,58,66
Digit symbol coding,45,18-29,College/Some college/Associate's,Female,17959,52.47,9.66,42,46,52,58,64
Digit symbol coding,45,18-29,Professional deg./Ph.D./Master's,Male,3781,53.39,10.61,42,46,52,59,67
Digit symbol coding,45,18-29,Professional deg./Ph.D./Master's,Female,4460,53.1,9.48,42,47,52,58,65
Digit symbol coding,45,30-39,HS/Some HS,Male,2162,45.69,9.73,35,40,45,51,57
Digit symbol coding,45,30-39,HS/Some HS,Female,1402,46.77,9.7,36,41,46,53,58
Digit symbol coding,45,30-39,College/Some college/Associate's,Male,12608,49.99,10.07,39,44,49,55,63
Digit symbol coding,45,30-39,College/Some college/Associate's,Female,12206,50.49,9.76,40,45,50,56,62
Digit symbol coding,45,30-39,Professional deg./Ph.D./Master's,Male,5849,50.75,10.16,40,44,49,56,64
Digit symbol coding,45,30-39,Professional deg./Ph.D./Master's,Female,7202,50.85,9.12,41,45,50,55,62
Digit symbol coding,45,40-49,HS/Some HS,Male,1971,41.55,8.12,32,37,41,46,51
Digit symbol coding,45,40-49,HS/Some HS,Female,2277,44.17,8.82,34,39,44,49,54
Digit symbol coding,45,40-49,College/Some college/Associate's,Male,9856,45.24,8.46,36,40,45,50,55
Digit symbol coding,45,40-49,College/Some college/Associate's,Female,15393,46.25,8.58,37,41,46,51,57
Digit symbol coding,45,40-49,Professional deg./Ph.D./Master's,Male,5346,46.3,8.36,37,41,46,51,56
Digit symbol coding,45,40-49,Professional deg./Ph.D./Master's,Female,8322,46.75,8.25,38,42,46,51,57
Digit symbol coding,45,50-59,HS/Some HS,Male,2438,37.51,6.95,29,33,38,42,46
Digit symbol coding,45,50-59,HS/Some HS,Female,4603,40.91,7.37,32,36,41,45,50
Digit symbol coding,45,50-59,College/Some college/Associate's,Male,11017,40.06,7.08,32,36,40,44,49
Digit symbol coding,45,50-59,College/Some college/Associate's,Female,25868,42.13,7.54,33,37,42,46,51
Digit symbol coding,45,50-59,Professional deg./Ph.D./Master's,Male,5611,41.08,6.77,33,37,41,45,49
Digit symbol coding,45,50-59,Professional deg./Ph.D./Master's,Female,12238,42.15,6.92,34,38,42,46,50
Digit symbol coding,45,60-69,HS/Some HS,Male,1531,33.72,6.71,25,30,34,38,42
Digit symbol coding,45,60-69,HS/Some HS,Female,3815,36.89,6.94,29,32,37,41,45
Digit symbol coding,45,60-69,College/Some college/Associate's,Male,9364,35.91,6.55,28,32,36,40,44
Digit symbol coding,45,60-69,College/Some college/Associate's,Female,20945,37.98,6.71,30,34,38,42,46
Digit symbol coding,45,60-69,Professional deg./Ph.D./Master's,Male,6246,36.63,6.41,29,33,37,41,44
Digit symbol coding,45,60-69,Professional deg./Ph.D./Master's,Female,11905,37.81,6.32,30,34,38,42,45
Digit symbol coding,45,70-99,HS/Some HS,Male,845,29.07,7.2,20,25,30,33,37
Digit symbol coding,45,70-99,HS/Some HS,Female,1936,32.0,7.0,24,28,32,37,40
Digit symbol coding,45,70-99,College/Some college/Associate's,Male,4176,30.97,6.9,22,27,31,35,39
Digit symbol coding,45,70-99,College/Some college/Associate's,Female,7937,33.05,6.8,25,29,33,37,41
Digit symbol coding,45,70-99,Professional deg./Ph.D./Master's,Male,3702,31.36,6.81,23,28,32,36,39
Digit symbol coding,45,70-99,Professional deg./Ph.D./Master's,Female,4191,33.17,6.36,26,29,33,37,40
Forward memory span,43,18-29,HS/Some HS,Male,6190,10.22,2.61,7,8,10,12,13
Forward memory span,43,18-29,HS/Some HS,Female,3053,9.62,2.45,7,8,10,11,13
Forward memory span,43,18-29,College/Some college/Associate's,Male,21150,10.88,2.53,8,9,11,12,14
Forward memory span,43,18-29,College/Some college/Associate's,Female,17195,10.15,2.45,7,9,10,12,13
Forward memory span,43,18-29,Professional deg./Ph.D./Master's,Male,3661,11.09,2.57,8,9,11,13,14
Forward memory span,43,18-29,Professional deg./Ph.D./Master's,Female,4292,10.28,2.43,7,9,10,12,13
Forward memory span,43,30-39,HS/Some HS,Male,2070,9.78,2.59,6,8,10,12,13
Forward memory span,43,30-39,HS/Some HS,Female,1352,9.15,2.54,6,7,9,11,12
Forward memory span,43,30-39,College/Some college/Associate's,Male,12160,10.42,2.53,7,9,10,12,14
Forward memory span,43,30-39,College/Some college/Associate's,Female,11742,9.65,2.44,6,8,10,11,13
Forward memory span,43,30-39,Professional deg./Ph.D./Master's,Male,5658,10.65,2.59,7,9,11,12,14
Forward memory span,43,30-39,Professional deg./Ph.D./Master's,Female,6949,9.85,2.47,7,8,10,11,13
Forward memory span,43,40-49,HS/Some HS,Male,1892,9.06,2.51,6,7,9,11,12
Forward memory span,43,40-49,HS/Some HS,Female,2183,8.47,2.41,5,7,8,10,11
Forward memory span,43,40-49,College/Some college/Associate's,Male,9516,9.8,2.55,7,8,10,11,13
Forward memory span,43,40-49,College/Some college/Associate's,Female,14813,8.93,2.41,6,7,9,11,12
Forward memory span,43,40-49,Professional deg./Ph.D./Master's,Male,5167,10.02,2.52,7,8,10,12,13
Forward memory span,43,40-49,Professional deg./Ph.D./Master's,Female,8049,9.16,2.45,6,8,9,11,12
Forward memory span,43,50-59,HS/Some HS,Male,2303,8.14,2.48,5,6,8,10,11
Forward memory span,43,50-59,HS/Some HS,Female,4405,7.63,2.4,5,6,8,9,11
Forward memory span,43,50-59,College/Some college/Associate's,Male,10577,8.6,2.48,5,7,9,10,12
Forward memory span,43,50-59,College/Some college/Associate's,Female,24825,7.98,2.37,5,6,8,10,11
Forward memory span,43,50-59,Professional deg./Ph.D./Master's,Male,5390,8.8,2.43,6,7,9,10,12
Forward memory span,43,50-59,Professional deg./Ph.D./Master's,Female,11791,8.14,2.37,5,7,8,10,11
Forward memory span,43,60-69,HS/Some HS,Male,1450,7.03,2.53,4,5,7,9,10
Forward memory span,43,60-69,HS/Some HS,Female,3632,6.69,2.37,4,5,7,8,10
Forward memory span,43,60-69,College/Some college/Associate's,Male,8883,7.51,2.43,4,6,8,9,11
Forward memory span,43,60-69,College/Some college/Associate's,Female,19959,7.09,2.35,4,6,7,9,10
Forward memory span,43,60-69,Professional deg./Ph.D./Master's,Male,5947,7.7,2.41,5,6,8,9,11
Forward memory span,43,60-69,Professional deg./Ph.D./Master's,Female,11417,7.21,2.3,4,6,7,9,10
Forward memory span,43,70-99,HS/Some HS,Male,729,5.87,2.4,3,4,6,8,9
Forward memory span,43,70-99,HS/Some HS,Female,1758,5.72,2.37,2,4,6,7,9
Forward memory span,43,70-99,College/Some college/Associate's,Male,3811,6.26,2.43,3,5,6,8,9
Forward memory span,43,70-99,College/Some college/Associate's,Female,7257,6.01,2.38,3,4,6,8,9
Forward memory span,43,70-99,Professional deg./Ph.D./Master's,Male,3362,6.3,2.45,3,5,6,8,9
Forward memory span,43,70-99,Professional deg./Ph.D./Master's,Female,3886,6.22,2.3,3,5,6,8,9
Reverse memory span,44,18-29,HS/Some HS,Male,5765,8.64,2.56,5,7,9,10,12
Reverse memory span,44,18-29,HS/Some HS,Female,2795,8.29,2.52,5,7,8,10,12
Reverse memory span,44,18-29,College/Some college/Associate's,Male,19894,9.24,2.51,6,8,9,11,12
Reverse memory span,44,18-29,College/Some college/Associate's,Female,15994,8.82,2.46,6,7,9,10,12
Reverse memory span,44,18-29,Professional deg./Ph.D./Master's,Male,3446,9.46,2.56,6,8,9,11,13
Reverse memory span,44,18-29,Professional deg./Ph.D./Master's,Female,4021,8.98,2.49,6,7,9,11,12
Reverse memory span,44,30-39,HS/Some HS,Male,1926,8.23,2.54,5,6,8,10,11
Reverse memory span,44,30-39,HS/Some HS,Female,1244,7.9,2.43,5,6,8,9,11
Reverse memory span,44,30-39,College/Some college/Associate's,Male,11493,8.86,2.46,6,7,9,10,12
Reverse memory span,44,30-39,College/Some college/Associate's,Female,11004,8.35,2.46,5,7,8,10,11
Reverse memory span,44,30-39,Professional deg./Ph.D./Master's,Male,5345,9.13,2.54,6,7,9,11,12
Reverse memory span,44,30-39,Professional deg./Ph.D./Master's,Female,6517,8.56,2.44,6,7,9,10,12
Reverse memory span,44,40-49,HS/Some HS,Male,1776,7.79,2.45,5,6,8,9,11
Reverse memory span,44,40-49,HS/Some HS,Female,2051,7.31,2.38,4,6,7,9,10
Reverse memory span,44,40-49,College/Some college/Associate's,Male,9005,8.4,2.5,5,7,8,10,12
Reverse memory span,44,40-49,College/Some college/Associate's,Female,14025,7.76,2.37,5,6,8,9,11
Reverse memory span,44,40-49,Professional deg./Ph.D./Master's,Male,4902,8.64,2.49,6,7,9,10,12
Reverse memory span,44,40-49,Professional deg./Ph.D./Master's,Female,7631,7.99,2.41,5,6,8,10,11
Reverse memory span,44,50-59,HS/Some HS,Male,2183,7.04,2.34,4,5,7,9,10
Reverse memory span,44,50-59,HS/Some HS,Female,4172,6.7,2.25,4,5,7,8,10
Reverse memory span,44,50-59,College/Some college/Associate's,Male,10075,7.48,2.37,5,6,7,9,11
Reverse memory span,44,50-59,College/Some college/Associate's,Female,23608,6.98,2.27,4,5,7,8,10
Reverse memory span,44,50-59,Professional deg./Ph.D./Master's,Male,5123,7.75,2.37,5,6,8,9,11
Reverse memory span,44,50-59,Professional deg./Ph.D./Master's,Female,11263,7.17,2.29,4,6,7,9,10
Reverse memory span,44,60-69,HS/Some HS,Male,1367,6.24,2.27,3,5,6,8,9
Reverse memory span,44,60-69,HS/Some HS,Female,3456,5.91,2.12,3,4,6,7,9
Reverse memory span,44,60-69,College/Some college/Associate's,Male,8479,6.65,2.28,4,5,7,8,10
Reverse memory span,44,60-69,College/Some college/Associate's,Female,18984,6.28,2.17,3,5,6,8,9
Reverse memory span,44,60-69,Professional deg./Ph.D./Master's,Male,5694,6.88,2.27,4,5,7,8,10
Reverse memory span,44,60-69,Professional deg./Ph.D./Master's,Female,10958,6.41,2.18,4,5,6,8,9
Reverse memory span,44,70-99,HS/Some HS,Male,670,5.21,2.2,2,4,5,6,8
Reverse memory span,44,70-99,HS/Some HS,Female,1640,5.03,2.12,2,3,5,6,8
Reverse memory span,44,70-99,College/Some college/Associate's,Male,3620,5.63,2.18,3,4,6,7,8
Reverse memory span,44,70-99,College/Some college/Associate's,Female,6855,5.37,2.15,3,4,5,7,8
Reverse memory span,44,70-99,Professional deg./Ph.D./Master's,Male,3194,5.72,2.23,3,4,6,7,9
Reverse memory span,44,70-99,Professional deg./Ph.D./Master's,Female,3687,5.54,2.12,3,4,5,7,8
Trail making part A,39,18-29,HS/Some HS,Male,5685,20.73,7.78,28,23,19,16,14
Trail making part A,39,18-29,HS/Some HS,Female,2767,21.71,8.51,29,24,20,17,15
Trail making part A,39,18-29,College/Some college/Associate's,Male,19728,19.45,6.12,26,22,18,16,14
Trail making part A,39,18-29,College/Some college/Associate's,Female,15818,20.23,6.73,26,22,19,16,15
Trail making part A,39,18-29,Professional deg./Ph.D./Master's,Male,3419,19.45,7.48,25,22,18,16,14
Trail making part A,39,18-29,Professional deg./Ph.D./Master's,Female,3974,20.14,6.7,26,22,19,17,15
Trail making part A,39,30-39,HS/Some HS,Male,1899,23.4,12.62,32,26,21,18,16
Trail making part A,39,30-39,HS/Some HS,Female,1226,23.46,10.19,33,26,21,18,16
Trail making part A,39,30-39,College/Some college/Associate's,Male,11382,20.93,7.94,28,23,19,17,15
Trail making part A,39,30-39,College/Some college/Associate's,Female,10865,21.68,7.68,29,24,20,17,15
Trail making part A,39,30-39,Professional deg./Ph.D./Master's,Male,5287,20.59,6.82,27,23,19,17,15
Trail making part A,39,30-39,Professional deg./Ph.D./Master's,Female,6454,21.4,7.35,28,24,20,17,15
Trail making part A,39,40-49,HS/Some HS,Male,1744,25.62,11.87,35,28,23,20,17
Trail making part A,39,40-49,HS/Some HS,Female,2018,24.48,10.21,34,27,22,19,16
Trail making part A,39,40-49,College/Some college/Associate's,Male,8878,22.8,8.96,31,25,21,18,16
Trail making part A,39,40-49,College/Some college/Associate's,Female,13854,23.55,9.33,32,26,22,18,16
Trail making part A,39,40-49,Professional deg./Ph.D./Master's,Male,4849,22.15,7.44,29,25,21,18,16
Trail making part A,39,40-49,Professional deg./Ph.D./Master's,Female,7543,23.26,10.06,31,25,21,18,16
Trail making part A,39,50-59,HS/Some HS,Male,2143,27.88,14.14,38,30,25,21,19
Trail making part A,39,50-59,HS/Some HS,Female,4106,26.05,11.95,36,29,23,20,18
Trail making part A,39,50-59,College/Some college/Associate's,Male,9931,25.67,10.19,34,28,23,20,18
Trail making part A,39,50-59,College/Some college/Associate's,Female,23298,25.39,10.99,34,28,23,20,18
Trail making part A,39,50-59,Professional deg./Ph.D./Master's,Male,5053,25.32,11.27,33,27,23,20,18
Trail making part A,39,50-59,Professional deg./Ph.D./Master's,Female,11122,25.29,10.74,33,28,23,20,18
Trail making part A,39,60-69,HS/Some HS,Male,1347,30.72,15.9,42,34,27,23,21
Trail making part A,39,60-69,HS/Some HS,Female,3389,28.18,13.75,38,30,25,21,19
Trail making part A,39,60-69,College/Some college/Associate's,Male,8351,29.2,14.78,39,31,26,22,20
Trail making part A,39,60-69,College/Some college/Associate's,Female,18684,27.77,13.55,37,30,25,21,19
Trail making part A,39,60-69,Professional deg./Ph.D./Master's,Male,5612,28.72,14.72,38,31,26,22,20
Trail making part A,39,60-69,Professional deg./Ph.D./Master's,Female,10822,28.2,14.24,37,30,25,22,19
Trail making part A,39,70-99,HS/Some HS,Male,653,35.48,22.01,49,38,30,25,22
Trail making part A,39,70-99,HS/Some HS,Female,1596,31.62,17.06,44,34,28,23,21
Trail making part A,39,70-99,College/Some college/Associate's,Male,3514,33.71,19.32,46,36,29,25,22
Trail making part A,39,70-99,College/Some college/Associate's,Female,6684,31.54,17.86,43,33,27,23,21
Trail making part A,39,70-99,Professional deg./Ph.D./Master's,Male,3110,33.77,18.3,46,36,29,25,22
Trail making part A,39,70-99,Professional deg./Ph.D./Master's,Female,3611,31.47,17.24,43,33,28,24,21
Trail making part B,40,18-29,HS/Some HS,Male,5664,38.85,16.83,57,45,35,28,24
Trail making part B,40,18-29,HS/Some HS,Female,2764,37.85,17.66,55,43,34,27,23
Trail making part B,40,18-29,College/Some college/Associate's,Male,19676,33.65,13.04,48,39,31,25,21
Trail making part B,40,18-29,College/Some college/Associate's,Female,15791,33.2,12.85,47,38,30,25,22
Trail making part B,40,18-29,Professional deg./Ph.D./Master's,Male,3411,32.47,12.85,47,37,30,24,20
Trail making part B,40,18-29,Professional deg./Ph.D./Master's,Female,3967,32.03,11.6,44,36,30,25,21
Trail making part B,40,30-39,HS/Some HS,Male,1890,42.08,20.78,63,48,37,30,25
Trail making part B,40,30-39,HS/Some HS,Female,1224,40.94,19.77,60,46,36,29,25
Trail making part B,40,30-39,College/Some college/Associate's,Male,11350,35.72,15.15,52,41,32,26,22
Trail making part B,40,30-39,College/Some college/Associate's,Female,10840,35.66,15.4,52,40,32,27,23
Trail making part B,40,30-39,Professional deg./Ph.D./Master's,Male,5280,33.83,14.44,49,38,31,25,21
Trail making part B,40,30-39,Professional deg./Ph.D./Master's,Female,6442,33.76,13.57,48,38,31,26,22
Trail making part B,40,40-49,HS/Some HS,Male,1735,45.12,21.85,70,52,40,31,27
Trail making part B,40,40-49,HS/Some HS,Female,2014,43.5,22.42,66,49,38,30,26
Trail making part B,40,40-49,College/Some college/Associate's,Male,8846,38.87,19.49,58,44,34,28,23
Trail making part B,40,40-49,College/Some college/Associate's,Female,13808,39.23,18.9,58,44,34,28,24
Trail making part B,40,40-49,Professional deg./Ph.D./Master's,Male,4832,36.37,17.29,54,41,32,26,23
Trail making part B,40,40-49,Professional deg./Ph.D./Master's,Female,7526,36.74,16.89,54,41,33,27,23
Trail making part B,40,50-59,HS/Some HS,Male,2124,51.11,26.97,79,58,44,35,29
Trail making part B,40,50-59,HS/Some HS,Female,4077,48.31,26.11,73,54,41,33,28
Trail making part B,40,50-59,College/Some college/Associate's,Male,9870,44.77,23.27,67,50,39,31,27
Trail making part B,40,50-59,College/Some college/Associate's,Female,23166,43.99,22.84,66,49,38,31,27
Trail making part B,40,50-59,Professional deg./Ph.D./Master's,Male,5032,41.77,21.83,63,47,36,30,25
Trail making part B,40,50-59,Professional deg./Ph.D./Master's,Female,11063,41.38,20.8,61,46,36,30,26
Trail making part B,40,60-69,HS/Some HS,Male,1331,60.99,34.5,98,70,51,40,33
Trail making part B,40,60-69,HS/Some HS,Female,3347,57.23,33.18,94,65,47,37,31
Trail making part B,40,60-69,College/Some college/Associate's,Male,8271,53.52,30.0,86,61,45,36,30
Trail making part B,40,60-69,College/Some college/Associate's,Female,18499,51.65,28.75,82,58,43,35,30
Trail making part B,40,60-69,Professional deg./Ph.D./Master's,Male,5563,49.77,29.06,78,55,42,33,28
Trail making part B,40,60-69,Professional deg./Ph.D./Master's,Female,10743,48.63,26.87,74,54,41,34,29
Trail making part B,40,70-99,HS/Some HS,Male,631,74.33,42.18,127,87,63,46,38
Trail making part B,40,70-99,HS/Some HS,Female,1552,71.47,42.54,123,85,58,44,36
Trail making part B,40,70-99,College/Some college/Associate's,Male,3455,67.69,40.01,116,79,55,42,35
Trail making part B,40,70-99,College/Some college/Associate's,Female,6560,64.82,38.68,111,75,52,40,34
Trail making part B,40,70-99,Professional deg./Ph.D./Master's,Male,3050,63.97,38.44,109,73,52,40,33
Trail making part B,40,70-99,Professional deg./Ph.D./Master's,Female,3537,60.14,36.07,102,68,49,38,32
Grammatical reasoning,30,18-29,HS/Some HS,Male,5636,8.49,4.23,3,5,8,11,14
Grammatical reasoning,30,18-29,HS/Some HS,Female,2747,8.53,4.24,3,5,8,11,14
Grammatical reasoning,30,18-29,College/Some college/Associate's,Male,19610,9.82,4.4,4,7,10,13,15
Grammatical reasoning,30,18-29,College/Some college/Associate's,Female,15734,9.71,4.33,4,7,10,13,15
Grammatical reasoning,30,18-29,Professional deg./Ph.D./Master's,Male,3405,10.18,4.4,4,7,10,13,16
Grammatical reasoning,30,18-29,Professional deg./Ph.D./Master's,Female,3954,10.14,4.34,4,7,10,13,16
Grammatical reasoning,30,30-39,HS/Some HS,Male,1881,8.12,3.84,3,5,8,11,13
Grammatical reasoning,30,30-39,HS/Some HS,Female,1217,7.88,3.89,3,5,8,11,13
Grammatical reasoning,30,30-39,College/Some college/Associate's,Male,11313,9.35,4.11,4,6,9,12,15
Grammatical reasoning,30,30-39,College/Some college/Associate's,Female,10803,9.12,4.05,4,6,9,12,15
Grammatical reasoning,30,30-39,Professional deg./Ph.D./Master's,Male,5269,9.75,4.28,4,7,10,13,15
Grammatical reasoning,30,30-39,Professional deg./Ph.D./Master's,Female,6419,9.79,4.14,4,7,10,13,15
Grammatical reasoning,30,40-49,HS/Some HS,Male,1723,7.57,3.64,3,5,7,10,12
Grammatical reasoning,30,40-49,HS/Some HS,Female,1989,7.35,3.71,3,4,7,10,12
Grammatical reasoning,30,40-49,College/Some college/Associate's,Male,8809,8.78,3.92,4,6,9,11,14
Grammatical reasoning,30,40-49,College/Some college/Associate's,Female,13748,8.52,3.84,3,6,8,11,14
Grammatical reasoning,30,40-49,Professional deg./Ph.D./Master's,Male,4814,9.36,3.91,4,7,9,12,15
Grammatical reasoning,30,40-49,Professional deg./Ph.D./Master's,Female,7495,9.26,4.05,4,6,9,12,15
Grammatical reasoning,30,50-59,HS/Some HS,Male,2114,6.98,3.39,3,4,7,9,12
Grammatical reasoning,30,50-59,HS/Some HS,Female,4053,6.82,3.41,2,4,7,9,11
Grammatical reasoning,30,50-59,College/Some college/Associate's,Male,9818,8.0,3.58,3,5,8,10,13
Grammatical reasoning,30,50-59,College/Some college/Associate's,Female,23008,7.86,3.6,3,5,8,10,13
Grammatical reasoning,30,50-59,Professional deg./Ph.D./Master's,Male,5000,8.63,3.77,4,6,9,11,14
Grammatical reasoning,30,50-59,Professional deg./Ph.D./Master's,Female,11019,8.45,3.67,4,6,8,11,13
Grammatical reasoning,30,60-69,HS/Some HS,Male,1319,6.24,3.22,2,4,6,8,11
Grammatical reasoning,30,60-69,HS/Some HS,Female,3307,6.13,3.19,2,4,6,8,10
Grammatical reasoning,30,60-69,College/Some college/Associate's,Male,8203,7.21,3.41,3,5,7,10,12
Grammatical reasoning,30,60-69,College/Some college/Associate's,Female,18359,7.14,3.38,3,5,7,9,12
Grammatical reasoning,30,60-69,Professional deg./Ph.D./Master's,Male,5523,7.81,3.51,3,5,8,10,12
Grammatical reasoning,30,60-69,Professional deg./Ph.D./Master's,Female,10682,7.64,3.49,3,5,8,10,12
Grammatical reasoning,30,70-99,HS/Some HS,Male,625,5.32,3.02,2,3,5,7,9
Grammatical reasoning,30,70-99,HS/Some HS,Female,1534,5.28,2.9,2,3,5,7,9
Grammatical reasoning,30,70-99,College/Some college/Associate's,Male,3405,6.21,3.19,2,4,6,8,10
Grammatical reasoning,30,70-99,College/Some college/Associate's,Female,6485,6.14,3.14,2,4,6,8,10
Grammatical reasoning,30,70-99,Professional deg./Ph.D./Master's,Male,3016,6.73,3.23,3,4,7,9,11
Grammatical reasoning,30,70-99,Professional deg./Ph.D./Master's,Female,3503,6.71,3.26,2,4,7,9,11
Progressive matrices,31,18-29,HS/Some HS,Male,5605,10.03,3.53,5,8,11,13,14
Progressive matrices,31,18-29,HS/Some HS,Female,2729,9.71,3.29,5,8,10,12,14
Progressive matrices,31,18-29,College/Some college/Associate's,Male,19537,11.13,3.35,6,9,12,14,15
Progressive matrices,31,18-29,College/Some college/Associate's,Female,15666,10.73,3.17,6,9,11,13,14
Progressive matrices,31,18-29,Professional deg./Ph.D./Master's,Male,3392,11.74,3.32,7,10,12,14,15
Progressive matrices,31,18-29,Professional deg./Ph.D./Master's,Female,3929,11.4,3.05,7,10,12,14,15
Progressive matrices,31,30-39,HS/Some HS,Male,1866,9.92,3.48,5,8,10,12,14
Progressive matrices,31,30-39,HS/Some HS,Female,1213,9.56,3.3,5,7,10,12,13
Progressive matrices,31,30-39,College/Some college/Associate's,Male,11274,11.09,3.32,6,9,12,13,15
Progressive matrices,31,30-39,College/Some college/Associate's,Female,10760,10.64,3.2,6,9,11,13,14
Progressive matrices,31,30-39,Professional deg./Ph.D./Master's,Male,5247,11.64,3.21,7,10,12,14,15
Progressive matrices,31,30-39,Professional deg./Ph.D./Master's,Female,6389,11.25,3.11,7,10,12,13,15
Progressive matrices,31,40-49,HS/Some HS,Male,1712,9.53,3.46,4,7,10,12,14
Progressive matrices,31,40-49,HS/Some HS,Female,1976,9.43,3.26,5,7,10,12,13
Progressive matrices,31,40-49,College/Some college/Associate's,Male,8764,10.47,3.39,5,8,11,13,14
Progressive matrices,31,40-49,College/Some college/Associate's,Female,13674,10.25,3.22,5,8,11,13,14
Progressive matrices,31,40-49,Professional deg./Ph.D./Master's,Male,4794,11.13,3.35,6,9,12,13,15
Progressive matrices,31,40-49,Professional deg./Ph.D./Master's,Female,7459,10.9,3.08,6,9,11,13,14
Progressive matrices,31,50-59,HS/Some HS,Male,2095,8.96,3.46,4,6,9,12,13
Progressive matrices,31,50-59,HS/Some HS,Female,4029,9.05,3.3,4,7,10,12,13
Progressive matrices,31,50-59,College/Some college/Associate's,Male,9754,9.84,3.42,5,8,10,12,14
Progressive matrices,31,50-59,College/Some college/Associate's,Female,22833,9.95,3.23,5,8,10,12,14
Progressive matrices,31,50-59,Professional deg./Ph.D./Master's,Male,4969,10.49,3.43,5,8,11,13,14
Progressive matrices,31,50-59,Professional deg./Ph.D./Master's,Female,10946,10.53,3.13,6,9,11,13,14
Progressive matrices,31,60-69,HS/Some HS,Male,1310,8.14,3.4,3,5,8,11,13
Progressive matrices,31,60-69,HS/Some HS,Female,3278,8.36,3.26,4,6,9,11,12
Progressive matrices,31,60-69,College/Some college/Associate's,Male,8134,9.0,3.46,4,6,9,12,13
Progressive matrices,31,60-69,College/Some college/Associate's,Female,18207,9.37,3.28,5,7,10,12,13
Progressive matrices,31,60-69,Professional deg./Ph.D./Master's,Male,5484,9.66,3.44,5,7,10,12,14
Progressive matrices,31,60-69,Professional deg./Ph.D./Master's,Female,10588,9.95,3.22,5,8,11,12,14
Progressive matrices,31,70-99,HS/Some HS,Male,615,7.36,3.31,3,5,7,10,12
Progressive matrices,31,70-99,HS/Some HS,Female,1503,7.71,3.26,3,5,8,10,12
Progressive matrices,31,70-99,College/Some college/Associate's,Male,3349,8.24,3.44,3,5,9,11,13
Progressive matrices,31,70-99,College/Some college/Associate's,Female,6401,8.69,3.31,4,6,9,11,13
Progressive matrices,31,70-99,Professional deg./Ph.D./Master's,Male,2975,8.8,3.44,4,6,9,12,13
Progressive matrices,31,70-99,Professional deg./Ph.D./Master's,Female,3463,9.19,3.32,4,7,10,12,13
Grand Index,NA,18-29,HS/Some HS,Male,5605,108.52,13.24,91,100,108,117,125
Grand Index,NA,18-29,HS/Some HS,Female,2729,106.65,12.47,91,99,106,114,122
Grand Index,NA,18-29,College/Some college/Associate's,Male,19536,115.12,12.71,99,106,114,123,131
Grand Index,NA,18-29,College/Some college/Associate's,Female,15666,112.72,11.77,98,105,112,120,127
Grand Index,NA,18-29,Professional deg./Ph.D./Master's,Male,3391,117.49,12.73,101,108,117,125,134
Grand Index,NA,18-29,Professional deg./Ph.D./Master's,Female,3929,115.02,11.81,100,107,114,122,129
Grand Index,NA,30-39,HS/Some HS,Male,1866,105.28,13.08,89,97,105,114,122
Grand Index,NA,30-39,HS/Some HS,Female,1213,103.75,12.94,87,95,104,112,119
Grand Index,NA,30-39,College/Some college/Associate's,Male,11274,112.34,12.68,96,104,112,120,128
Grand Index,NA,30-39,College/Some college/Associate's,Female,10760,109.9,12.24,94,102,109,118,125
Grand Index,NA,30-39,Professional deg./Ph.D./Master's,Male,5247,114.94,12.66,99,106,114,123,131
Grand Index,NA,30-39,Professional deg./Ph.D./Master's,Female,6389,112.59,12.0,97,104,112,120,127
Grand Index,NA,40-49,HS/Some HS,Male,1712,100.97,12.72,84,93,101,108,116
Grand Index,NA,40-49,HS/Some HS,Female,1976,101.22,12.11,85,93,101,109,116
Grand Index,NA,40-49,College/Some college/Associate's,Male,8764,108.06,12.54,92,100,108,116,123
Grand Index,NA,40-49,College/Some college/Associate's,Female,13673,105.79,11.87,90,98,106,113,120
Grand Index,NA,40-49,Professional deg./Ph.D./Master's,Male,4794,110.87,12.12,95,103,111,118,126
Grand Index,NA,40-49,Professional deg./Ph.D./Master's,Female,7458,108.58,11.67,93,101,108,116,123
Grand Index,NA,50-59,HS/Some HS,Male,2095,95.88,11.57,80,88,96,103,109
Grand Index,NA,50-59,HS/Some HS,Female,4027,96.97,11.04,82,89,97,104,110
Grand Index,NA,50-59,College/Some college/Associate's,Male,9753,101.23,11.59,86,93,101,108,115
Grand Index,NA,50-59,College/Some college/Associate's,Female,22831,100.82,11.06,86,93,100,108,114
Grand Index,NA,50-59,Professional deg./Ph.D./Master's,Male,4969,104.27,11.49,90,96,104,111,118
Grand Index,NA,50-59,Professional deg./Ph.D./Master's,Female,10945,102.95,10.76,89,96,103,110,116
Grand Index,NA,60-69,HS/Some HS,Male,1309,89.61,11.49,74,82,90,96,104
Grand Index,NA,60-69,HS/Some HS,Female,3278,91.2,10.86,77,84,91,98,104
Grand Index,NA,60-69,College/Some college/Associate's,Male,8131,94.6,11.19,80,87,95,101,108
Grand Index,NA,60-69,College/Some college/Associate's,Female,18205,95.17,10.68,81,88,95,102,108
Grand Index,NA,60-69,Professional deg./Ph.D./Master's,Male,5484,97.43,11.22,83,90,97,104,111
Grand Index,NA,60-69,Professional deg./Ph.D./Master's,Female,10587,96.88,10.41,83,89,97,104,109
Grand Index,NA,70-99,HS/Some HS,Male,615,82.24,11.56,67,74,82,90,96
Grand Index,NA,70-99,HS/Some HS,Female,1503,84.18,10.9,70,76,84,91,97
Grand Index,NA,70-99,College/Some college/Associate's,Male,3349,86.6,11.54,71,79,87,94,100
Grand Index,NA,70-99,College/Some college/Associate's,Female,6400,87.69,10.92,73,80,88,95,101
Grand Index,NA,70-99,Professional deg./Ph.D./Master's,Male,2975,88.59,11.38,73,81,88,96,102
Grand Index,NA,70-99,Professional deg./Ph.D./Master's,Female,3463,89.66,10.79,75,82,90,97,103
